{"name":"region","identifier":"YKF03KOAZE","description":null,"slotTypeValues":[{"sampleValue":{"value":"us-east-1"},"synonyms":[{"value":"us-east-1"},{"value":"virginia"}]},{"sampleValue":{"value":"us-east-2"},"synonyms":[{"value":"us-east-2"},{"value":"ohio"}]},{"sampleValue":{"value":"us-west-1"},"synonyms":[{"value":"us-west-1"},{"value":"california"}]},{"sampleValue":{"value":"us-west-2"},"synonyms":[{"value":"us-west-2"},{"value":"oregon"}]}],"parentSlotTypeSignature":null,"valueSelectionSetting":{"regexFilter":null,"resolutionStrategy":"TOP_RESOLUTION"}}