{
  "version": "1",
  "cognitoConfig": {
    "authSelections": "identityPoolAndUserPool",
    "requiredAttributes": [
      "email"
    ],
    "resourceName": "awsassistantfcd2b45d",
    "serviceName": "Cognito",
    "useDefault": "default",
    "userpoolClientReadAttributes": [
      "email"
    ],
    "userpoolClientWriteAttributes": [
      "email"
    ],
    "aliasAttributes": [],
    "resourceNameTruncated": "awsassfcd2b45d",
    "sharedId": "fcd2b45d",
    "userPoolGroupList": [],
    "userPoolName": "awsassistantfcd2b45d_userpool_fcd2b45d",
    "usernameAttributes": [
      "email"
    ],
    "usernameCaseSensitive": false,
    "userpoolClientRefreshTokenValidity": 30,
    "userpoolClientSetAttributes": false,
    "userpoolClientGenerateSecret": false,
    "userpoolClientLambdaRole": "awsassfcd2b45d_userpoolclient_lambda_role",
    "passwordPolicyCharacters": [],
    "passwordPolicyMinLength": 8,
    "mfaConfiguration": "OFF",
    "mfaTypes": [
      "SMS Text Message"
    ],
    "smsAuthenticationMessage": "Your authentication code is {####}",
    "emailVerificationMessage": "Your verification code is {####}",
    "emailVerificationSubject": "Your verification code",
    "smsVerificationMessage": "Your verification code is {####}",
    "autoVerifiedAttributes": [],
    "identityPoolName": "awsassistantfcd2b45d_identitypool_fcd2b45d",
    "allowUnauthenticatedIdentities": true
  }
}