{"name":"instanceType","identifier":"NAEKHHXJ2F","description":null,"slotTypeValues":[{"sampleValue":{"value":"t2.micro"},"synonyms":[{"value":"t2 micro"},{"value":"micro t2"}]},{"sampleValue":{"value":"t2.small"},"synonyms":[{"value":"t2 small"},{"value":"small t2"}]},{"sampleValue":{"value":"t2.medium"},"synonyms":[{"value":"t2 medium"},{"value":"medium t2"}]},{"sampleValue":{"value":"t2.large"},"synonyms":[{"value":"t2 large"},{"value":"large t2"}]},{"sampleValue":{"value":"t2.xlarge"},"synonyms":[{"value":"t2 extra large"},{"value":"extra large t2"}]},{"sampleValue":{"value":"t3.micro"},"synonyms":[{"value":"t3 micro"},{"value":"micro t3"}]},{"sampleValue":{"value":"t3.small"},"synonyms":[{"value":"t3 small"},{"value":"small t3"}]},{"sampleValue":{"value":"t3.medium"},"synonyms":[{"value":"t3 medium"},{"value":"medium t3"}]},{"sampleValue":{"value":"t3.large"},"synonyms":[{"value":"t3 large"},{"value":"large t3"}]},{"sampleValue":{"value":"t3.xlarge"},"synonyms":[{"value":"t3 extra large"},{"value":"extra large t3"}]}],"parentSlotTypeSignature":null,"valueSelectionSetting":{"regexFilter":null,"resolutionStrategy":"TOP_RESOLUTION"}}