{"name":"ami","identifier":"3SKZ8SGUHR","description":null,"slotTypeValues":[{"sampleValue":{"value":"ami-00c39f71452c08778"},"synonyms":[{"value":"Amazon linux 2"},{"value":"amazon linux"}]},{"sampleValue":{"value":"ami-0c9978668f8d55984"},"synonyms":[{"value":"red hat enterprise linux 8"},{"value":"red hat"}]},{"sampleValue":{"value":"ami-0557a15b87f6559cf"},"synonyms":[{"value":"ubuntu server 20.04"},{"value":" ubuntu server"},{"value":" ubuntu"}]},{"sampleValue":{"value":"ami-0e38fa17744b2f6a5"},"synonyms":[{"value":"Microsoft Windows Server 2019 Base"},{"value":"Microsoft Windows"},{"value":"Windows Server"},{"value":"windows"}]}],"parentSlotTypeSignature":null,"valueSelectionSetting":{"regexFilter":null,"resolutionStrategy":"TOP_RESOLUTION"}}